Title,Company,Location,Daerah
Mobile Programmer,PT Indi Teknokreasi Internasional,Lembaga Layanan Pendidikan Tinggi Wilayah IX,Kota Makassar (WFO)
Mobile Developer,PT Indi Teknokreasi Internasional,PT Radya Anugrah Digital,Kota Bandung (WFO)
Mobile Developer,PT Indi Teknokreasi Internasional,PT Radya Anugrah Digital,Kota Bandung (WFO)
Mobile Programming,PT Indi Teknokreasi Internasional,Badan Amil Zakat Nasional,Kota Jakarta Timur (WFO)
Mobile Apps Developer,PT Indi Teknokreasi Internasional,Kementerian Komunikasi dan Informatika,Kota Gorontalo (WFO)
Mobile Apps Developer,PT Indi Teknokreasi Internasional,Kementerian Komunikasi dan Informatika,Kota Surabaya (WFO)
Mobile Developer,PT Indi Teknokreasi Internasional,PT Edukasi Rekanan Anda,Kota Jakarta Selatan (WFO)
Mobile Developer - IT Business Process & Project,PT Indi Teknokreasi Internasional,PT Surya Citra Media Tbk,Kota Jakarta Pusat (WFO)
Mobile Developer - IT Business Application,PT Indi Teknokreasi Internasional,PT Surya Citra Media Tbk,Kota Jakarta Pusat (WFO)
Designer (Web & Mobile Apps),PT Indi Teknokreasi Internasional,PT Imajiku Cipta Media,Kota Yogyakarta (WFO)
Mobile Apps Developer (React Native),PT Indi Teknokreasi Internasional,PT Imajiku Cipta Media,Kota Yogyakarta (WFO)
Backend Developer (Web & Mobile Apps),PT Indi Teknokreasi Internasional,PT Imajiku Cipta Media,Kota Yogyakarta (WFO)
 Mobile Developer Android + ios (Satudikti),PT Indi Teknokreasi Internasional,"Sekretariat Direktorat Jenderal Pendidikan Tinggi, Riset, dan Teknologi Kementerian Pendidikan, Kebudayaan, Riset, dan Teknologi",Kota Jakarta Pusat (WFO)
Mobile Developer Android,PT Indi Teknokreasi Internasional,Yayasan Lembaga Manajemen Infaq Ukhuwah Islamiyah,Kota Surabaya (WFO)
Mobile Developer iOS,PT Indi Teknokreasi Internasional,Yayasan Lembaga Manajemen Infaq Ukhuwah Islamiyah,Kota Surabaya (WFO)
Telkomsel Software Developer Intern - Mobile Apps Engineer (Android),PT Indi Teknokreasi Internasional,PT Telekomunikasi Selular,Kota Jakarta Selatan (WFO)
Telkomsel Youth Sales Representatives (Mobile Consumer Operations Territory),PT Indi Teknokreasi Internasional,PT Telekomunikasi Selular,Kota Samarinda (WFO)
Telkomsel Youth Sales Representatives (Mobile Consumer Operation Territory),PT Indi Teknokreasi Internasional,PT Telekomunikasi Selular,Kota Pontianak (WFO)
Telkomsel Software Developer Intern - Mobile Apps Engineer,PT Indi Teknokreasi Internasional,PT Telekomunikasi Selular,Kota Tangerang Selatan (WFO)
Telkomsel Youth Sales Representatives - Mobile Operation Territory,PT Indi Teknokreasi Internasional,PT Telekomunikasi Selular,Kota Pekanbaru (WFO)
Telkomsel Software Developer Intern - Mobile Apps Engineer,PT Indi Teknokreasi Internasional,PT Telekomunikasi Selular,Kota Pangkalpinang (WFO)
Telkomsel Software Developer Intern - Mobile Apps Engineer,PT Indi Teknokreasi Internasional,PT Telekomunikasi Selular,Kota Tangerang Selatan (WFO)
Telkomsel Youth Sales Representatives (Mobile Consumer Operation Territory),PT Indi Teknokreasi Internasional,PT Telekomunikasi Selular,Kota Pontianak (WFO)
Telkomsel Youth Sales Representatives (Mobile Consumer Operations Territory),PT Indi Teknokreasi Internasional,PT Telekomunikasi Selular,Kota Samarinda (WFO)
Mobile App Developer,PT Indi Teknokreasi Internasional,PT Vocasia Eduka Technology,Kota Jakarta Timur (WFO)
Mobile Apps (Flutter) Developer,PT Indi Teknokreasi Internasional,PT Elang Mahkota Teknologi Tbk,Kota Jakarta Pusat (WFO)
Mobile Developer - REACT NATIVE ,PT Indi Teknokreasi Internasional,PT Elang Mahkota Teknologi Tbk,Kota Jakarta Pusat (WFO)
Mobile Developer,PT Indi Teknokreasi Internasional,PT Elang Mahkota Teknologi Tbk,Kota Jakarta Pusat (WFO)
FIF - Mobile Developer,PT Indi Teknokreasi Internasional,PT Astra International Tbk,Kota Jakarta Selatan (WFO)
Intern - Mobile & AI Programmer (HQ Serpong),PT Indi Teknokreasi Internasional,PT Indah Kiat Pulp & Paper Tbk,Kota Jakarta Pusat (WFO)
SERA - Mobile Developer,PT Indi Teknokreasi Internasional,PT Astra International Tbk,Kota Jakarta Utara (WFO)
FIF â€“ Mobile Developer ,PT Indi Teknokreasi Internasional,PT Astra International Tbk,Kota Jakarta Selatan (WFO)
Mobile App Developer,PT Indi Teknokreasi Internasional,PT Sebangku Jaya Abadi,Kab. Sleman (WFO)
Mobile Developer : Technical Writer,PT Indi Teknokreasi Internasional,PT Kinema Systrans Multimedia,Kota Batam (WFO)
Mobile Developer : Asisten Mentoring Tecnical,PT Indi Teknokreasi Internasional,PT Kinema Systrans Multimedia,Kota Batam (WFO)
Mobile Developer : Technical Researcher,PT Indi Teknokreasi Internasional,PT Kinema Systrans Multimedia,Kota Batam (WFO)
Web and Mobile Programming,PT Indi Teknokreasi Internasional,PT Telekomunikasi Indonesia Tbk,Kota Manado (WFO)
Front-end Mobile Developer,PT Indi Teknokreasi Internasional,PT Telekomunikasi Indonesia Tbk,Kota Bandung (WFO)
Mobile Apps Developer ,PT Indi Teknokreasi Internasional,Perkumpulan Maritim Muda Nusantara,Kota Jakarta Timur (WFO)
Mobile Engineer ,PT Indi Teknokreasi Internasional,PT Adma Digital Solusi,Kota Surabaya (WFO)
Android & IOS (Mobile Developer),PT Indi Teknokreasi Internasional,PT Otak Kanan,Kota Surabaya (WFO)
Mobile UI/UX Designer,PT Indi Teknokreasi Internasional,PT Suitmedia Kreasi Indonesia,Kota Jakarta Selatan (WFO)
Mobile Analyst,PT Indi Teknokreasi Internasional,PT Suitmedia Kreasi Indonesia,Kota Jakarta Selatan (WFO)
Mobile Developer,PT Indi Teknokreasi Internasional,PT Suitmedia Kreasi Indonesia,Kota Jakarta Selatan (WFO)
Mobile Developer,PT Indi Teknokreasi Internasional,Kota Jakarta Timur (WFO),Kota Jakarta Timur (WFO)
